produto,preco2
Echo Dot 5ª Geração Smart Speaker com Alexa,519.00
Echo Pop Compacto Smart Speaker com Alexa,419.00
"Echo Dot 5ª geração Amazon, com Alexa, Smart Speaker, Preto - B09B8VGCR8",449.73
Echo Dot 5ª Geração Smart Speaker com Alexa,519.00
"Echo Pop Amazon, com Alexa, Smart Speaker, Som Envolvente, Preto - B09WXVH7WK",388.88
"Echo Dot 5ª geração Amazon, com Alexa, Smart Speaker, Azul - B09B8QFYZ2",449.73
Alexa 5ª Geração Echo Dot Smart Speaker alto-falante inteligente com alexa,469.90
Alexa 5ª Geração Echo Dot Smart Speaker alto-falante inteligente com alexa,469.90
Alexa 5ª Geração Echo Dot Smart Speaker alto-falante inteligente com alexa,469.90
Lixeira Automatica Com Sensor de Aproximacao Branca 9l - Ei078,189.90
"Echo Spot 2024 Smart Speaker Tela de 2,83”",1098.90
Echo Pop Smart Speaker Compacto com Alexa,419.00
"Echo Spot 2024 Smart Speaker Tela de 2,83”",1098.90
Echo Pop Compacto Smart Speaker com Alexa,419.00
Fechadura Digital Eletronica Biometrica Com WiFi App Delta PRO Kuanttum,499.00
Câmera Interna Inteligente Full HD Wi-Fi Multi - SE241,149.90
Câmera De Segurança Smart Wi-fi Ip66 Dupla Lente 360 Visão Noturna Externa Prova D' Agua,209.99
Amazon Alexa Echo Pop Branco,359.90
Fechadura Eletrônica Digital Touch FR 101 Intelbras,444.00
"Echo Spot Amazon, Com Alexa, Som envolvente, Com Relógio, Smart Speaker, Preto - B0C2RS4ZG6",611.10
"Echo Spot 2024 Smart Speaker Tela de 2,83”",1098.90
Echo Dot 5ª Geração Smart Speaker com Alexa,519.00
Camera Robo 3 Antenas Ip Wifi 360 1080P,114.90
Lampada Inteligente Rgb Wifi Led Smart Google Alexa Tuya 9w,359.90
pAmazon Alexa Echo Pop C2H4R9 Pretobr/p,429.90
Fechadura Digital Eletronica Com Biometria Touch Senha + Chave Delta Kuanttum,140.50
Câmera de Segurança Smart Wifi Lampada Led Monitoramento Visão Noturna Remoto Giro 360º,310.00
Câmera Inteligente Intelbras iM4 Full HD 360º Wi-Fi,299.00
Câmera Inteligente Intelbras iM3 Full Hd Wifi,
